seq1,seq2,aln_length,pid
LSUa_186497_PYRFU,LSUASG_B40-G15_FREYA,69,21.74
LSUa_186497_PYRFU,LSUASG_B18G1_HEIM,142,9.86
LSUa_186497_PYRFU,LSUASG_1538547_LOKI,203,7.88
LSUa_186497_PYRFU,LSUASG_1837170_THOR,84,11.90
LSUa_186497_PYRFU,LSUASG_2053491_THOR,81,12.35
LSUa_186497_PYRFU,LSUASG_2026747_HEIM,125,8.00
LSUa_186497_PYRFU,LSUASG_MK-D1_LOKI,110,12.73
LSUa_186497_PYRFU,LSUASG_F3H4_B5_LOKI,201,8.96
LSUa_186497_PYRFU,LSUASG_b32_LOKI,178,8.43
LSUa_186497_PYRFU,LSUASG_NODE_1615,204,8.33
LSUa_186497_PYRFU,LSUASG_NODE_1830,230,6.96
LSUa_186497_PYRFU,LSUASG_NODE_2003,208,8.17
LSUa_186497_PYRFU,LSUASG_B53-G9_LOKI,95,27.37
LSUa_186497_PYRFU,LSUASG_TEKIR-5S_LOKI,174,6.32
LSUa_186497_PYRFU,LSUASG_AMARA-1S_LOKI,172,11.63
LSUa_186497_PYRFU,LSUASG_BC1_LOKI,208,6.25
LSUa_186497_PYRFU,LSUe_753081_BIGNC,119,13.45
LSUa_186497_PYRFU,LSUe_296543_THAPS,122,9.84
LSUa_186497_PYRFU,LSUe_353151_CRYHT,131,6.11
LSUa_186497_PYRFU,LSUe_1928728_PAMIC,132,12.12
LSUa_186497_PYRFU,LSUe_1333499_NAOCE,98,14.29
LSUa_186497_PYRFU,LSUe_2044563_ANTWI,141,9.93
LSUa_186497_PYRFU,LSUe_559292_YEAST,143,9.79
LSUa_186497_PYRFU,LSUe_352472_DICDI,158,8.86
LSUa_186497_PYRFU,LSUe_1315715_PIJUD,96,13.54
LSUa_186497_PYRFU,LSUe_3055_CHLRE,137,12.41
LSUa_186497_PYRFU,LSUe_554453_PLAMI,147,10.88
LSUa_186497_PYRFU,LSUe_238746_MICPO,141,12.77
LSUa_186497_PYRFU,LSUe_5911_TETTH,129,5.43
LSUa_186497_PYRFU,LSUe_857967_ICHMG,133,5.26
LSUa_186497_PYRFU,LSUe_35144_PRYPA,99,13.13
LSUASG_B40-G15_FREYA,LSUASG_B18G1_HEIM,137,16.79
LSUASG_B40-G15_FREYA,LSUASG_1538547_LOKI,200,11.00
LSUASG_B40-G15_FREYA,LSUASG_1837170_THOR,75,25.33
LSUASG_B40-G15_FREYA,LSUASG_2053491_THOR,72,26.39
LSUASG_B40-G15_FREYA,LSUASG_2026747_HEIM,120,18.33
LSUASG_B40-G15_FREYA,LSUASG_MK-D1_LOKI,105,21.90
LSUASG_B40-G15_FREYA,LSUASG_F3H4_B5_LOKI,197,11.68
LSUASG_B40-G15_FREYA,LSUASG_b32_LOKI,175,13.71
LSUASG_B40-G15_FREYA,LSUASG_NODE_1615,203,10.84
LSUASG_B40-G15_FREYA,LSUASG_NODE_1830,229,11.79
LSUASG_B40-G15_FREYA,LSUASG_NODE_2003,205,13.66
LSUASG_B40-G15_FREYA,LSUASG_B53-G9_LOKI,104,20.19
LSUASG_B40-G15_FREYA,LSUASG_TEKIR-5S_LOKI,170,12.94
LSUASG_B40-G15_FREYA,LSUASG_AMARA-1S_LOKI,173,12.14
LSUASG_B40-G15_FREYA,LSUASG_BC1_LOKI,204,12.25
LSUASG_B40-G15_FREYA,LSUe_753081_BIGNC,115,16.52
LSUASG_B40-G15_FREYA,LSUe_296543_THAPS,121,14.88
LSUASG_B40-G15_FREYA,LSUe_353151_CRYHT,125,12.80
LSUASG_B40-G15_FREYA,LSUe_1928728_PAMIC,129,14.73
LSUASG_B40-G15_FREYA,LSUe_1333499_NAOCE,92,19.57
LSUASG_B40-G15_FREYA,LSUe_2044563_ANTWI,135,8.89
LSUASG_B40-G15_FREYA,LSUe_559292_YEAST,148,8.78
LSUASG_B40-G15_FREYA,LSUe_352472_DICDI,155,7.10
LSUASG_B40-G15_FREYA,LSUe_1315715_PIJUD,90,13.33
LSUASG_B40-G15_FREYA,LSUe_3055_CHLRE,138,12.32
LSUASG_B40-G15_FREYA,LSUe_554453_PLAMI,144,13.89
LSUASG_B40-G15_FREYA,LSUe_238746_MICPO,137,12.41
LSUASG_B40-G15_FREYA,LSUe_5911_TETTH,120,12.50
LSUASG_B40-G15_FREYA,LSUe_857967_ICHMG,128,10.16
LSUASG_B40-G15_FREYA,LSUe_35144_PRYPA,91,20.88
LSUASG_B18G1_HEIM,LSUASG_1538547_LOKI,210,21.43
LSUASG_B18G1_HEIM,LSUASG_1837170_THOR,135,26.67
LSUASG_B18G1_HEIM,LSUASG_2053491_THOR,136,22.06
LSUASG_B18G1_HEIM,LSUASG_2026747_HEIM,157,24.20
LSUASG_B18G1_HEIM,LSUASG_MK-D1_LOKI,136,36.03
LSUASG_B18G1_HEIM,LSUASG_F3H4_B5_LOKI,205,26.34
LSUASG_B18G1_HEIM,LSUASG_b32_LOKI,192,25.52
LSUASG_B18G1_HEIM,LSUASG_NODE_1615,211,23.70
LSUASG_B18G1_HEIM,LSUASG_NODE_1830,230,23.04
LSUASG_B18G1_HEIM,LSUASG_NODE_2003,215,23.72
LSUASG_B18G1_HEIM,LSUASG_B53-G9_LOKI,150,20.00
LSUASG_B18G1_HEIM,LSUASG_TEKIR-5S_LOKI,184,23.37
LSUASG_B18G1_HEIM,LSUASG_AMARA-1S_LOKI,178,39.33
LSUASG_B18G1_HEIM,LSUASG_BC1_LOKI,211,21.33
LSUASG_B18G1_HEIM,LSUe_753081_BIGNC,157,14.65
LSUASG_B18G1_HEIM,LSUe_296543_THAPS,166,12.65
LSUASG_B18G1_HEIM,LSUe_353151_CRYHT,166,16.27
LSUASG_B18G1_HEIM,LSUe_1928728_PAMIC,162,18.52
LSUASG_B18G1_HEIM,LSUe_1333499_NAOCE,154,13.64
LSUASG_B18G1_HEIM,LSUe_2044563_ANTWI,197,8.63
LSUASG_B18G1_HEIM,LSUe_559292_YEAST,176,17.61
LSUASG_B18G1_HEIM,LSUe_352472_DICDI,186,17.20
LSUASG_B18G1_HEIM,LSUe_1315715_PIJUD,152,12.50
LSUASG_B18G1_HEIM,LSUe_3055_CHLRE,172,13.95
LSUASG_B18G1_HEIM,LSUe_554453_PLAMI,174,15.52
LSUASG_B18G1_HEIM,LSUe_238746_MICPO,165,14.55
LSUASG_B18G1_HEIM,LSUe_5911_TETTH,162,15.43
LSUASG_B18G1_HEIM,LSUe_857967_ICHMG,166,16.27
LSUASG_B18G1_HEIM,LSUe_35144_PRYPA,153,13.07
LSUASG_1538547_LOKI,LSUASG_1837170_THOR,204,13.24
LSUASG_1538547_LOKI,LSUASG_2053491_THOR,200,13.50
LSUASG_1538547_LOKI,LSUASG_2026747_HEIM,205,22.44
LSUASG_1538547_LOKI,LSUASG_MK-D1_LOKI,205,22.93
LSUASG_1538547_LOKI,LSUASG_F3H4_B5_LOKI,200,57.50
LSUASG_1538547_LOKI,LSUASG_b32_LOKI,208,49.04
LSUASG_1538547_LOKI,LSUASG_NODE_1615,199,80.90
LSUASG_1538547_LOKI,LSUASG_NODE_1830,234,48.29
LSUASG_1538547_LOKI,LSUASG_NODE_2003,223,48.88
LSUASG_1538547_LOKI,LSUASG_B53-G9_LOKI,208,19.71
LSUASG_1538547_LOKI,LSUASG_TEKIR-5S_LOKI,224,36.61
LSUASG_1538547_LOKI,LSUASG_AMARA-1S_LOKI,207,39.61
LSUASG_1538547_LOKI,LSUASG_BC1_LOKI,207,55.56
LSUASG_1538547_LOKI,LSUe_753081_BIGNC,205,26.83
LSUASG_1538547_LOKI,LSUe_296543_THAPS,208,20.67
LSUASG_1538547_LOKI,LSUe_353151_CRYHT,210,16.67
LSUASG_1538547_LOKI,LSUe_1928728_PAMIC,213,21.60
LSUASG_1538547_LOKI,LSUe_1333499_NAOCE,199,17.09
LSUASG_1538547_LOKI,LSUe_2044563_ANTWI,242,12.81
LSUASG_1538547_LOKI,LSUe_559292_YEAST,219,24.20
LSUASG_1538547_LOKI,LSUe_352472_DICDI,229,18.34
LSUASG_1538547_LOKI,LSUe_1315715_PIJUD,198,15.15
LSUASG_1538547_LOKI,LSUe_3055_CHLRE,214,22.43
LSUASG_1538547_LOKI,LSUe_554453_PLAMI,214,22.90
LSUASG_1538547_LOKI,LSUe_238746_MICPO,215,20.00
LSUASG_1538547_LOKI,LSUe_5911_TETTH,209,20.57
LSUASG_1538547_LOKI,LSUe_857967_ICHMG,214,18.22
LSUASG_1538547_LOKI,LSUe_35144_PRYPA,208,15.38
LSUASG_1837170_THOR,LSUASG_2053491_THOR,63,80.95
LSUASG_1837170_THOR,LSUASG_2026747_HEIM,130,16.15
LSUASG_1837170_THOR,LSUASG_MK-D1_LOKI,98,41.84
LSUASG_1837170_THOR,LSUASG_F3H4_B5_LOKI,200,14.50
LSUASG_1837170_THOR,LSUASG_b32_LOKI,176,17.61
LSUASG_1837170_THOR,LSUASG_NODE_1615,207,13.04
LSUASG_1837170_THOR,LSUASG_NODE_1830,232,12.93
LSUASG_1837170_THOR,LSUASG_NODE_2003,210,15.24
LSUASG_1837170_THOR,LSUASG_B53-G9_LOKI,116,18.10
LSUASG_1837170_THOR,LSUASG_TEKIR-5S_LOKI,178,13.48
LSUASG_1837170_THOR,LSUASG_AMARA-1S_LOKI,171,23.98
LSUASG_1837170_THOR,LSUASG_BC1_LOKI,206,13.11
LSUASG_1837170_THOR,LSUe_753081_BIGNC,130,12.31
LSUASG_1837170_THOR,LSUe_296543_THAPS,138,9.42
LSUASG_1837170_THOR,LSUe_353151_CRYHT,139,10.79
LSUASG_1837170_THOR,LSUe_1928728_PAMIC,144,10.42
LSUASG_1837170_THOR,LSUe_1333499_NAOCE,107,15.89
LSUASG_1837170_THOR,LSUe_2044563_ANTWI,150,9.33
LSUASG_1837170_THOR,LSUe_559292_YEAST,161,11.80
LSUASG_1837170_THOR,LSUe_352472_DICDI,168,8.93
LSUASG_1837170_THOR,LSUe_1315715_PIJUD,105,11.43
LSUASG_1837170_THOR,LSUe_3055_CHLRE,152,9.87
LSUASG_1837170_THOR,LSUe_554453_PLAMI,155,12.90
LSUASG_1837170_THOR,LSUe_238746_MICPO,146,11.64
LSUASG_1837170_THOR,LSUe_5911_TETTH,137,9.49
LSUASG_1837170_THOR,LSUe_857967_ICHMG,145,10.34
LSUASG_1837170_THOR,LSUe_35144_PRYPA,99,18.18
LSUASG_2053491_THOR,LSUASG_2026747_HEIM,126,17.46
LSUASG_2053491_THOR,LSUASG_MK-D1_LOKI,99,36.36
LSUASG_2053491_THOR,LSUASG_F3H4_B5_LOKI,197,13.71
LSUASG_2053491_THOR,LSUASG_b32_LOKI,174,17.24
LSUASG_2053491_THOR,LSUASG_NODE_1615,203,13.30
LSUASG_2053491_THOR,LSUASG_NODE_1830,230,12.17
LSUASG_2053491_THOR,LSUASG_NODE_2003,207,14.01
LSUASG_2053491_THOR,LSUASG_B53-G9_LOKI,111,18.02
LSUASG_2053491_THOR,LSUASG_TEKIR-5S_LOKI,175,14.29
LSUASG_2053491_THOR,LSUASG_AMARA-1S_LOKI,170,21.76
LSUASG_2053491_THOR,LSUASG_BC1_LOKI,203,12.81
LSUASG_2053491_THOR,LSUe_753081_BIGNC,126,12.70
LSUASG_2053491_THOR,LSUe_296543_THAPS,133,9.77
LSUASG_2053491_THOR,LSUe_353151_CRYHT,134,11.19
LSUASG_2053491_THOR,LSUe_1928728_PAMIC,140,11.43
LSUASG_2053491_THOR,LSUe_1333499_NAOCE,103,16.50
LSUASG_2053491_THOR,LSUe_2044563_ANTWI,146,8.90
LSUASG_2053491_THOR,LSUe_559292_YEAST,156,12.18
LSUASG_2053491_THOR,LSUe_352472_DICDI,163,9.82
LSUASG_2053491_THOR,LSUe_1315715_PIJUD,101,11.88
LSUASG_2053491_THOR,LSUe_3055_CHLRE,147,9.52
LSUASG_2053491_THOR,LSUe_554453_PLAMI,150,14.00
LSUASG_2053491_THOR,LSUe_238746_MICPO,143,13.29
LSUASG_2053491_THOR,LSUe_5911_TETTH,133,9.02
LSUASG_2053491_THOR,LSUe_857967_ICHMG,141,9.93
LSUASG_2053491_THOR,LSUe_35144_PRYPA,96,17.71
LSUASG_2026747_HEIM,LSUASG_MK-D1_LOKI,147,23.81
LSUASG_2026747_HEIM,LSUASG_F3H4_B5_LOKI,201,22.39
LSUASG_2026747_HEIM,LSUASG_b32_LOKI,186,23.66
LSUASG_2026747_HEIM,LSUASG_NODE_1615,207,24.64
LSUASG_2026747_HEIM,LSUASG_NODE_1830,228,20.61
LSUASG_2026747_HEIM,LSUASG_NODE_2003,212,22.64
LSUASG_2026747_HEIM,LSUASG_B53-G9_LOKI,135,20.74
LSUASG_2026747_HEIM,LSUASG_TEKIR-5S_LOKI,171,38.01
LSUASG_2026747_HEIM,LSUASG_AMARA-1S_LOKI,179,24.58
LSUASG_2026747_HEIM,LSUASG_BC1_LOKI,207,20.77
LSUASG_2026747_HEIM,LSUe_753081_BIGNC,132,29.55
LSUASG_2026747_HEIM,LSUe_296543_THAPS,137,27.74
LSUASG_2026747_HEIM,LSUe_353151_CRYHT,130,38.46
LSUASG_2026747_HEIM,LSUe_1928728_PAMIC,136,28.68
LSUASG_2026747_HEIM,LSUe_1333499_NAOCE,118,34.75
LSUASG_2026747_HEIM,LSUe_2044563_ANTWI,161,19.88
LSUASG_2026747_HEIM,LSUe_559292_YEAST,151,17.88
LSUASG_2026747_HEIM,LSUe_352472_DICDI,156,27.56
LSUASG_2026747_HEIM,LSUe_1315715_PIJUD,118,26.27
LSUASG_2026747_HEIM,LSUe_3055_CHLRE,144,22.22
LSUASG_2026747_HEIM,LSUe_554453_PLAMI,161,22.98
LSUASG_2026747_HEIM,LSUe_238746_MICPO,152,24.34
LSUASG_2026747_HEIM,LSUe_5911_TETTH,134,29.10
LSUASG_2026747_HEIM,LSUe_857967_ICHMG,141,26.24
LSUASG_2026747_HEIM,LSUe_35144_PRYPA,138,13.77
LSUASG_MK-D1_LOKI,LSUASG_F3H4_B5_LOKI,201,25.37
LSUASG_MK-D1_LOKI,LSUASG_b32_LOKI,181,26.52
LSUASG_MK-D1_LOKI,LSUASG_NODE_1615,206,25.24
LSUASG_MK-D1_LOKI,LSUASG_NODE_1830,229,25.76
LSUASG_MK-D1_LOKI,LSUASG_NODE_2003,212,24.06
LSUASG_MK-D1_LOKI,LSUASG_B53-G9_LOKI,135,25.93
LSUASG_MK-D1_LOKI,LSUASG_TEKIR-5S_LOKI,181,24.31
LSUASG_MK-D1_LOKI,LSUASG_AMARA-1S_LOKI,169,32.54
LSUASG_MK-D1_LOKI,LSUASG_BC1_LOKI,208,23.56
LSUASG_MK-D1_LOKI,LSUe_753081_BIGNC,144,17.36
LSUASG_MK-D1_LOKI,LSUe_296543_THAPS,151,17.88
LSUASG_MK-D1_LOKI,LSUe_353151_CRYHT,157,12.10
LSUASG_MK-D1_LOKI,LSUe_1928728_PAMIC,156,15.38
LSUASG_MK-D1_LOKI,LSUe_1333499_NAOCE,128,17.19
LSUASG_MK-D1_LOKI,LSUe_2044563_ANTWI,171,13.45
LSUASG_MK-D1_LOKI,LSUe_559292_YEAST,168,13.69
LSUASG_MK-D1_LOKI,LSUe_352472_DICDI,181,13.26
LSUASG_MK-D1_LOKI,LSUe_1315715_PIJUD,126,13.49
LSUASG_MK-D1_LOKI,LSUe_3055_CHLRE,162,12.96
LSUASG_MK-D1_LOKI,LSUe_554453_PLAMI,164,15.85
LSUASG_MK-D1_LOKI,LSUe_238746_MICPO,158,18.35
LSUASG_MK-D1_LOKI,LSUe_5911_TETTH,153,13.73
LSUASG_MK-D1_LOKI,LSUe_857967_ICHMG,158,14.56
LSUASG_MK-D1_LOKI,LSUe_35144_PRYPA,125,19.20
LSUASG_F3H4_B5_LOKI,LSUASG_b32_LOKI,206,49.51
LSUASG_F3H4_B5_LOKI,LSUASG_NODE_1615,203,60.10
LSUASG_F3H4_B5_LOKI,LSUASG_NODE_1830,233,51.50
LSUASG_F3H4_B5_LOKI,LSUASG_NODE_2003,223,51.12
LSUASG_F3H4_B5_LOKI,LSUASG_B53-G9_LOKI,205,20.49
LSUASG_F3H4_B5_LOKI,LSUASG_TEKIR-5S_LOKI,221,35.29
LSUASG_F3H4_B5_LOKI,LSUASG_AMARA-1S_LOKI,204,46.08
LSUASG_F3H4_B5_LOKI,LSUASG_BC1_LOKI,205,48.29
LSUASG_F3H4_B5_LOKI,LSUe_753081_BIGNC,202,23.76
LSUASG_F3H4_B5_LOKI,LSUe_296543_THAPS,206,20.87
LSUASG_F3H4_B5_LOKI,LSUe_353151_CRYHT,206,16.50
LSUASG_F3H4_B5_LOKI,LSUe_1928728_PAMIC,210,22.38
LSUASG_F3H4_B5_LOKI,LSUe_1333499_NAOCE,196,17.35
LSUASG_F3H4_B5_LOKI,LSUe_2044563_ANTWI,239,12.55
LSUASG_F3H4_B5_LOKI,LSUe_559292_YEAST,217,23.50
LSUASG_F3H4_B5_LOKI,LSUe_352472_DICDI,227,18.50
LSUASG_F3H4_B5_LOKI,LSUe_1315715_PIJUD,195,14.36
LSUASG_F3H4_B5_LOKI,LSUe_3055_CHLRE,212,23.58
LSUASG_F3H4_B5_LOKI,LSUe_554453_PLAMI,210,24.76
LSUASG_F3H4_B5_LOKI,LSUe_238746_MICPO,212,21.70
LSUASG_F3H4_B5_LOKI,LSUe_5911_TETTH,206,20.39
LSUASG_F3H4_B5_LOKI,LSUe_857967_ICHMG,211,18.96
LSUASG_F3H4_B5_LOKI,LSUe_35144_PRYPA,205,14.15
LSUASG_b32_LOKI,LSUASG_NODE_1615,211,48.82
LSUASG_b32_LOKI,LSUASG_NODE_1830,231,48.05
LSUASG_b32_LOKI,LSUASG_NODE_2003,208,49.04
LSUASG_b32_LOKI,LSUASG_B53-G9_LOKI,190,20.53
LSUASG_b32_LOKI,LSUASG_TEKIR-5S_LOKI,211,32.23
LSUASG_b32_LOKI,LSUASG_AMARA-1S_LOKI,191,41.36
LSUASG_b32_LOKI,LSUASG_BC1_LOKI,211,44.08
LSUASG_b32_LOKI,LSUe_753081_BIGNC,187,24.06
LSUASG_b32_LOKI,LSUe_296543_THAPS,192,23.44
LSUASG_b32_LOKI,LSUe_353151_CRYHT,192,19.27
LSUASG_b32_LOKI,LSUe_1928728_PAMIC,197,20.81
LSUASG_b32_LOKI,LSUe_1333499_NAOCE,175,15.43
LSUASG_b32_LOKI,LSUe_2044563_ANTWI,218,12.84
LSUASG_b32_LOKI,LSUe_559292_YEAST,207,20.77
LSUASG_b32_LOKI,LSUe_352472_DICDI,214,15.89
LSUASG_b32_LOKI,LSUe_1315715_PIJUD,175,16.57
LSUASG_b32_LOKI,LSUe_3055_CHLRE,201,17.41
LSUASG_b32_LOKI,LSUe_554453_PLAMI,210,16.67
LSUASG_b32_LOKI,LSUe_238746_MICPO,204,20.10
LSUASG_b32_LOKI,LSUe_5911_TETTH,195,19.49
LSUASG_b32_LOKI,LSUe_857967_ICHMG,199,18.59
LSUASG_b32_LOKI,LSUe_35144_PRYPA,184,14.67
LSUASG_NODE_1615,LSUASG_NODE_1830,234,49.57
LSUASG_NODE_1615,LSUASG_NODE_2003,224,53.13
LSUASG_NODE_1615,LSUASG_B53-G9_LOKI,209,21.05
LSUASG_NODE_1615,LSUASG_TEKIR-5S_LOKI,226,38.05
LSUASG_NODE_1615,LSUASG_AMARA-1S_LOKI,208,43.27
LSUASG_NODE_1615,LSUASG_BC1_LOKI,210,55.71
LSUASG_NODE_1615,LSUe_753081_BIGNC,208,25.00
LSUASG_NODE_1615,LSUe_296543_THAPS,208,22.12
LSUASG_NODE_1615,LSUe_353151_CRYHT,212,18.87
LSUASG_NODE_1615,LSUe_1928728_PAMIC,213,22.54
LSUASG_NODE_1615,LSUe_1333499_NAOCE,202,17.82
LSUASG_NODE_1615,LSUe_2044563_ANTWI,245,13.06
LSUASG_NODE_1615,LSUe_559292_YEAST,219,25.11
LSUASG_NODE_1615,LSUe_352472_DICDI,231,19.91
LSUASG_NODE_1615,LSUe_1315715_PIJUD,201,15.92
LSUASG_NODE_1615,LSUe_3055_CHLRE,214,23.83
LSUASG_NODE_1615,LSUe_554453_PLAMI,214,25.23
LSUASG_NODE_1615,LSUe_238746_MICPO,217,23.96
LSUASG_NODE_1615,LSUe_5911_TETTH,211,19.91
LSUASG_NODE_1615,LSUe_857967_ICHMG,214,19.63
LSUASG_NODE_1615,LSUe_35144_PRYPA,211,14.69
LSUASG_NODE_1830,LSUASG_NODE_2003,233,51.93
LSUASG_NODE_1830,LSUASG_B53-G9_LOKI,231,20.78
LSUASG_NODE_1830,LSUASG_TEKIR-5S_LOKI,243,34.98
LSUASG_NODE_1830,LSUASG_AMARA-1S_LOKI,233,37.34
LSUASG_NODE_1830,LSUASG_BC1_LOKI,237,43.46
LSUASG_NODE_1830,LSUe_753081_BIGNC,229,23.14
LSUASG_NODE_1830,LSUe_296543_THAPS,232,20.69
LSUASG_NODE_1830,LSUe_353151_CRYHT,231,18.61
LSUASG_NODE_1830,LSUe_1928728_PAMIC,231,20.78
LSUASG_NODE_1830,LSUe_1333499_NAOCE,229,14.41
LSUASG_NODE_1830,LSUe_2044563_ANTWI,272,9.93
LSUASG_NODE_1830,LSUe_559292_YEAST,236,22.88
LSUASG_NODE_1830,LSUe_352472_DICDI,250,18.40
LSUASG_NODE_1830,LSUe_1315715_PIJUD,229,13.10
LSUASG_NODE_1830,LSUe_3055_CHLRE,232,24.57
LSUASG_NODE_1830,LSUe_554453_PLAMI,234,19.66
LSUASG_NODE_1830,LSUe_238746_MICPO,236,20.34
LSUASG_NODE_1830,LSUe_5911_TETTH,232,21.12
LSUASG_NODE_1830,LSUe_857967_ICHMG,234,20.09
LSUASG_NODE_1830,LSUe_35144_PRYPA,238,14.29
LSUASG_NODE_2003,LSUASG_B53-G9_LOKI,213,20.66
LSUASG_NODE_2003,LSUASG_TEKIR-5S_LOKI,229,36.24
LSUASG_NODE_2003,LSUASG_AMARA-1S_LOKI,221,39.82
LSUASG_NODE_2003,LSUASG_BC1_LOKI,229,41.92
LSUASG_NODE_2003,LSUe_753081_BIGNC,213,20.19
LSUASG_NODE_2003,LSUe_296543_THAPS,217,18.89
LSUASG_NODE_2003,LSUe_353151_CRYHT,215,19.53
LSUASG_NODE_2003,LSUe_1928728_PAMIC,217,21.66
LSUASG_NODE_2003,LSUe_1333499_NAOCE,207,16.91
LSUASG_NODE_2003,LSUe_2044563_ANTWI,250,10.40
LSUASG_NODE_2003,LSUe_559292_YEAST,225,20.44
LSUASG_NODE_2003,LSUe_352472_DICDI,236,17.80
LSUASG_NODE_2003,LSUe_1315715_PIJUD,207,12.08
LSUASG_NODE_2003,LSUe_3055_CHLRE,219,21.46
LSUASG_NODE_2003,LSUe_554453_PLAMI,225,19.11
LSUASG_NODE_2003,LSUe_238746_MICPO,224,20.54
LSUASG_NODE_2003,LSUe_5911_TETTH,216,13.89
LSUASG_NODE_2003,LSUe_857967_ICHMG,219,16.89
LSUASG_NODE_2003,LSUe_35144_PRYPA,216,13.89
LSUASG_B53-G9_LOKI,LSUASG_TEKIR-5S_LOKI,181,20.44
LSUASG_B53-G9_LOKI,LSUASG_AMARA-1S_LOKI,180,17.78
LSUASG_B53-G9_LOKI,LSUASG_BC1_LOKI,211,19.43
LSUASG_B53-G9_LOKI,LSUe_753081_BIGNC,134,18.66
LSUASG_B53-G9_LOKI,LSUe_296543_THAPS,131,28.24
LSUASG_B53-G9_LOKI,LSUe_353151_CRYHT,143,15.38
LSUASG_B53-G9_LOKI,LSUe_1928728_PAMIC,142,20.42
LSUASG_B53-G9_LOKI,LSUe_1333499_NAOCE,126,18.25
LSUASG_B53-G9_LOKI,LSUe_2044563_ANTWI,169,10.65
LSUASG_B53-G9_LOKI,LSUe_559292_YEAST,145,23.45
LSUASG_B53-G9_LOKI,LSUe_352472_DICDI,163,19.02
LSUASG_B53-G9_LOKI,LSUe_1315715_PIJUD,124,12.10
LSUASG_B53-G9_LOKI,LSUe_3055_CHLRE,141,21.28
LSUASG_B53-G9_LOKI,LSUe_554453_PLAMI,156,14.10
LSUASG_B53-G9_LOKI,LSUe_238746_MICPO,145,22.76
LSUASG_B53-G9_LOKI,LSUe_5911_TETTH,143,18.18
LSUASG_B53-G9_LOKI,LSUe_857967_ICHMG,146,17.81
LSUASG_B53-G9_LOKI,LSUe_35144_PRYPA,126,15.87
LSUASG_TEKIR-5S_LOKI,LSUASG_AMARA-1S_LOKI,199,34.67
LSUASG_TEKIR-5S_LOKI,LSUASG_BC1_LOKI,227,32.16
LSUASG_TEKIR-5S_LOKI,LSUe_753081_BIGNC,173,25.43
LSUASG_TEKIR-5S_LOKI,LSUe_296543_THAPS,182,24.73
LSUASG_TEKIR-5S_LOKI,LSUe_353151_CRYHT,173,34.68
LSUASG_TEKIR-5S_LOKI,LSUe_1928728_PAMIC,177,25.99
LSUASG_TEKIR-5S_LOKI,LSUe_1333499_NAOCE,170,20.59
LSUASG_TEKIR-5S_LOKI,LSUe_2044563_ANTWI,213,14.08
LSUASG_TEKIR-5S_LOKI,LSUe_559292_YEAST,188,23.40
LSUASG_TEKIR-5S_LOKI,LSUe_352472_DICDI,194,25.26
LSUASG_TEKIR-5S_LOKI,LSUe_1315715_PIJUD,170,17.65
LSUASG_TEKIR-5S_LOKI,LSUe_3055_CHLRE,185,25.95
LSUASG_TEKIR-5S_LOKI,LSUe_554453_PLAMI,196,25.00
LSUASG_TEKIR-5S_LOKI,LSUe_238746_MICPO,189,25.40
LSUASG_TEKIR-5S_LOKI,LSUe_5911_TETTH,175,24.57
LSUASG_TEKIR-5S_LOKI,LSUe_857967_ICHMG,181,23.20
LSUASG_TEKIR-5S_LOKI,LSUe_35144_PRYPA,180,15.00
LSUASG_AMARA-1S_LOKI,LSUASG_BC1_LOKI,210,36.19
LSUASG_AMARA-1S_LOKI,LSUe_753081_BIGNC,180,26.11
LSUASG_AMARA-1S_LOKI,LSUe_296543_THAPS,181,20.99
LSUASG_AMARA-1S_LOKI,LSUe_353151_CRYHT,187,16.58
LSUASG_AMARA-1S_LOKI,LSUe_1928728_PAMIC,186,24.19
LSUASG_AMARA-1S_LOKI,LSUe_1333499_NAOCE,173,17.92
LSUASG_AMARA-1S_LOKI,LSUe_2044563_ANTWI,216,13.89
LSUASG_AMARA-1S_LOKI,LSUe_559292_YEAST,194,23.71
LSUASG_AMARA-1S_LOKI,LSUe_352472_DICDI,204,21.08
LSUASG_AMARA-1S_LOKI,LSUe_1315715_PIJUD,172,17.44
LSUASG_AMARA-1S_LOKI,LSUe_3055_CHLRE,189,22.22
LSUASG_AMARA-1S_LOKI,LSUe_554453_PLAMI,197,26.40
LSUASG_AMARA-1S_LOKI,LSUe_238746_MICPO,194,20.62
LSUASG_AMARA-1S_LOKI,LSUe_5911_TETTH,185,17.84
LSUASG_AMARA-1S_LOKI,LSUe_857967_ICHMG,187,20.86
LSUASG_AMARA-1S_LOKI,LSUe_35144_PRYPA,181,14.92
LSUASG_BC1_LOKI,LSUe_753081_BIGNC,208,25.96
LSUASG_BC1_LOKI,LSUe_296543_THAPS,212,21.23
LSUASG_BC1_LOKI,LSUe_353151_CRYHT,212,17.45
LSUASG_BC1_LOKI,LSUe_1928728_PAMIC,215,20.93
LSUASG_BC1_LOKI,LSUe_1333499_NAOCE,203,16.26
LSUASG_BC1_LOKI,LSUe_2044563_ANTWI,246,12.20
LSUASG_BC1_LOKI,LSUe_559292_YEAST,221,21.27
LSUASG_BC1_LOKI,LSUe_352472_DICDI,233,15.88
LSUASG_BC1_LOKI,LSUe_1315715_PIJUD,202,13.86
LSUASG_BC1_LOKI,LSUe_3055_CHLRE,217,20.74
LSUASG_BC1_LOKI,LSUe_554453_PLAMI,214,20.09
LSUASG_BC1_LOKI,LSUe_238746_MICPO,217,19.35
LSUASG_BC1_LOKI,LSUe_5911_TETTH,211,16.59
LSUASG_BC1_LOKI,LSUe_857967_ICHMG,216,17.13
LSUASG_BC1_LOKI,LSUe_35144_PRYPA,212,13.68
LSUe_753081_BIGNC,LSUe_296543_THAPS,140,26.43
LSUe_753081_BIGNC,LSUe_353151_CRYHT,129,31.78
LSUe_753081_BIGNC,LSUe_1928728_PAMIC,135,39.26
LSUe_753081_BIGNC,LSUe_1333499_NAOCE,117,31.62
LSUe_753081_BIGNC,LSUe_2044563_ANTWI,160,18.75
LSUe_753081_BIGNC,LSUe_559292_YEAST,151,27.15
LSUe_753081_BIGNC,LSUe_352472_DICDI,159,25.16
LSUe_753081_BIGNC,LSUe_1315715_PIJUD,117,30.77
LSUe_753081_BIGNC,LSUe_3055_CHLRE,148,31.76
LSUe_753081_BIGNC,LSUe_554453_PLAMI,160,27.50
LSUe_753081_BIGNC,LSUe_238746_MICPO,149,26.85
LSUe_753081_BIGNC,LSUe_5911_TETTH,131,32.82
LSUe_753081_BIGNC,LSUe_857967_ICHMG,136,35.29
LSUe_753081_BIGNC,LSUe_35144_PRYPA,132,20.45
LSUe_296543_THAPS,LSUe_353151_CRYHT,143,32.17
LSUe_296543_THAPS,LSUe_1928728_PAMIC,140,37.86
LSUe_296543_THAPS,LSUe_1333499_NAOCE,128,28.13
LSUe_296543_THAPS,LSUe_2044563_ANTWI,171,19.88
LSUe_296543_THAPS,LSUe_559292_YEAST,148,29.73
LSUe_296543_THAPS,LSUe_352472_DICDI,167,23.95
LSUe_296543_THAPS,LSUe_1315715_PIJUD,127,24.41
LSUe_296543_THAPS,LSUe_3055_CHLRE,137,43.07
LSUe_296543_THAPS,LSUe_554453_PLAMI,163,28.22
LSUe_296543_THAPS,LSUe_238746_MICPO,157,31.85
LSUe_296543_THAPS,LSUe_5911_TETTH,142,29.58
LSUe_296543_THAPS,LSUe_857967_ICHMG,145,34.48
LSUe_296543_THAPS,LSUe_35144_PRYPA,145,11.72
LSUe_353151_CRYHT,LSUe_1928728_PAMIC,136,36.76
LSUe_353151_CRYHT,LSUe_1333499_NAOCE,120,45.00
LSUe_353151_CRYHT,LSUe_2044563_ANTWI,163,23.31
LSUe_353151_CRYHT,LSUe_559292_YEAST,155,24.52
LSUe_353151_CRYHT,LSUe_352472_DICDI,160,37.50
LSUe_353151_CRYHT,LSUe_1315715_PIJUD,120,36.67
LSUe_353151_CRYHT,LSUe_3055_CHLRE,149,24.83
LSUe_353151_CRYHT,LSUe_554453_PLAMI,163,30.67
LSUe_353151_CRYHT,LSUe_238746_MICPO,155,28.39
LSUe_353151_CRYHT,LSUe_5911_TETTH,135,37.04
LSUe_353151_CRYHT,LSUe_857967_ICHMG,140,32.14
LSUe_353151_CRYHT,LSUe_35144_PRYPA,141,12.77
LSUe_1928728_PAMIC,LSUe_1333499_NAOCE,128,35.16
LSUe_1928728_PAMIC,LSUe_2044563_ANTWI,171,26.32
LSUe_1928728_PAMIC,LSUe_559292_YEAST,151,37.09
LSUe_1928728_PAMIC,LSUe_352472_DICDI,165,26.67
LSUe_1928728_PAMIC,LSUe_1315715_PIJUD,128,32.81
LSUe_1928728_PAMIC,LSUe_3055_CHLRE,147,36.73
LSUe_1928728_PAMIC,LSUe_554453_PLAMI,164,34.76
LSUe_1928728_PAMIC,LSUe_238746_MICPO,158,30.38
LSUe_1928728_PAMIC,LSUe_5911_TETTH,131,46.56
LSUe_1928728_PAMIC,LSUe_857967_ICHMG,135,48.15
LSUe_1928728_PAMIC,LSUe_35144_PRYPA,149,14.09
LSUe_1333499_NAOCE,LSUe_2044563_ANTWI,128,38.28
LSUe_1333499_NAOCE,LSUe_559292_YEAST,149,14.77
LSUe_1333499_NAOCE,LSUe_352472_DICDI,158,25.95
LSUe_1333499_NAOCE,LSUe_1315715_PIJUD,85,54.12
LSUe_1333499_NAOCE,LSUe_3055_CHLRE,140,25.00
LSUe_1333499_NAOCE,LSUe_554453_PLAMI,151,27.15
LSUe_1333499_NAOCE,LSUe_238746_MICPO,148,23.65
LSUe_1333499_NAOCE,LSUe_5911_TETTH,123,29.27
LSUe_1333499_NAOCE,LSUe_857967_ICHMG,131,30.53
LSUe_1333499_NAOCE,LSUe_35144_PRYPA,117,18.80
LSUe_2044563_ANTWI,LSUe_559292_YEAST,192,15.10
LSUe_2044563_ANTWI,LSUe_352472_DICDI,201,13.93
LSUe_2044563_ANTWI,LSUe_1315715_PIJUD,128,38.28
LSUe_2044563_ANTWI,LSUe_3055_CHLRE,183,16.94
LSUe_2044563_ANTWI,LSUe_554453_PLAMI,193,18.13
LSUe_2044563_ANTWI,LSUe_238746_MICPO,190,17.89
LSUe_2044563_ANTWI,LSUe_5911_TETTH,166,17.47
LSUe_2044563_ANTWI,LSUe_857967_ICHMG,174,17.82
LSUe_2044563_ANTWI,LSUe_35144_PRYPA,159,11.95
LSUe_559292_YEAST,LSUe_352472_DICDI,175,25.71
LSUe_559292_YEAST,LSUe_1315715_PIJUD,149,18.79
LSUe_559292_YEAST,LSUe_3055_CHLRE,148,40.54
LSUe_559292_YEAST,LSUe_554453_PLAMI,172,32.56
LSUe_559292_YEAST,LSUe_238746_MICPO,167,31.14
LSUe_559292_YEAST,LSUe_5911_TETTH,153,32.03
LSUe_559292_YEAST,LSUe_857967_ICHMG,156,31.41
LSUe_559292_YEAST,LSUe_35144_PRYPA,162,11.11
LSUe_352472_DICDI,LSUe_1315715_PIJUD,158,17.72
LSUe_352472_DICDI,LSUe_3055_CHLRE,171,21.64
LSUe_352472_DICDI,LSUe_554453_PLAMI,184,23.91
LSUe_352472_DICDI,LSUe_238746_MICPO,176,28.41
LSUe_352472_DICDI,LSUe_5911_TETTH,163,26.99
LSUe_352472_DICDI,LSUe_857967_ICHMG,165,29.09
LSUe_352472_DICDI,LSUe_35144_PRYPA,165,10.91
LSUe_1315715_PIJUD,LSUe_3055_CHLRE,140,20.71
LSUe_1315715_PIJUD,LSUe_554453_PLAMI,150,28.00
LSUe_1315715_PIJUD,LSUe_238746_MICPO,146,23.29
LSUe_1315715_PIJUD,LSUe_5911_TETTH,123,25.20
LSUe_1315715_PIJUD,LSUe_857967_ICHMG,131,22.14
LSUe_1315715_PIJUD,LSUe_35144_PRYPA,117,9.40
LSUe_3055_CHLRE,LSUe_554453_PLAMI,168,31.55
LSUe_3055_CHLRE,LSUe_238746_MICPO,163,26.99
LSUe_3055_CHLRE,LSUe_5911_TETTH,149,28.86
LSUe_3055_CHLRE,LSUe_857967_ICHMG,153,32.68
LSUe_3055_CHLRE,LSUe_35144_PRYPA,158,14.56
LSUe_554453_PLAMI,LSUe_238746_MICPO,157,35.03
LSUe_554453_PLAMI,LSUe_5911_TETTH,164,29.27
LSUe_554453_PLAMI,LSUe_857967_ICHMG,165,35.15
LSUe_554453_PLAMI,LSUe_35144_PRYPA,152,15.79
LSUe_238746_MICPO,LSUe_5911_TETTH,159,22.64
LSUe_238746_MICPO,LSUe_857967_ICHMG,162,24.07
LSUe_238746_MICPO,LSUe_35144_PRYPA,139,16.55
LSUe_5911_TETTH,LSUe_857967_ICHMG,124,67.74
LSUe_5911_TETTH,LSUe_35144_PRYPA,139,9.35
LSUe_857967_ICHMG,LSUe_35144_PRYPA,145,13.79
